Barcode,Name,Brand ,ingredients ,Nutrition facts,Image url
021130338405,Diced Tomatoes with Green Chiles,Signature SELECT,"[""Diced Tomatoes"", ""Tomato Juice"", ""Jalapeno Chili Peppers"", ""Salt"", ""Citric Acid"", ""Spices"", ""Calcium Chloride"", ""Natural Flavors""]","{""serving_size"": ""1/2 cup (121g)"", ""servings_per_container"": ""About 3.5"", ""calories"": ""25"", ""total_fat"": ""0g"", ""saturated_fat"": ""0g"", ""trans_fat"": ""0g"", ""cholesterol"": ""0mg"", ""sodium"": ""360mg"", ""total_carbohydrate"": ""5g"", ""dietary_fiber"": ""0g"", ""total_sugars"": ""3g"", ""added_sugars"": ""0g"", ""protein"": ""1g"", ""vitamin_d"": ""0mcg"", ""calcium"": ""0mg"", ""iron"": ""0mg"", ""potassium"": ""104mg""}",https://github.com/kritikachugh/keetly_datasets/tree/main/product/021130338405
747479000604,Sensitive Marinara,Rao's Homemade,"[""Italian Whole Peeled Tomatoes"", ""Olive Oil"", ""Carrots"", ""Salt"", ""Celery"", ""Basil""]","{""servings_per_container"": ""about 5"", ""serving_size"": ""1/2 cup (125g)"", ""calories"": ""130"", ""total_fat"": ""11g"", ""saturated_fat"": ""1.5g"", ""trans_fat"": ""0g"", ""cholesterol"": ""0mg"", ""sodium"": ""330mg"", ""total_carbohydrate"": ""6g"", ""dietary_fiber"": ""1g"", ""total_sugars"": ""4g"", ""added_sugars"": ""0g"", ""protein"": ""2g"", ""vitamin_d"": ""0mcg"", ""calcium"": ""10mg"", ""iron"": ""0.2mg"", ""potassium"": ""360mg""}",https://github.com/kritikachugh/keetly_datasets/tree/main/product/747479000604
192699000864,Rosé Buldak Spicy Ramen Artificial Spicy Chicken Flavor,Samyang,"[""Wheat Flour"", ""Modified Tapioca Starch"", ""Palm Oil"", ""Wheat Gluten"", ""Salt"", ""Glycerin"", ""Soybean Oil"", ""Guar Gum"", ""Potassium Carbonate"", ""Lecithin"", ""Polyglycerol Esters of Fatty Acids"", ""Sodium Carbonate"", ""Disodium Phosphate"", ""Tocopherols"", ""Green Tea Extract"", ""Riboflavin (color)"", ""Citric Acid"", ""Water"", ""Sugar"", ""Dextrin"", ""Yeast Extract Powder"", ""Skim Milk Powder"", ""Corn Syrup"", ""Onion"", ""Starch(modified, wheat, corn)"", ""Red Pepper Powder"", ""Maltodextrin"", ""Milk Powder"", ""Garlic"", ""Lactose"", ""Artificial Chicken Flavor"", ""Whey"", ""Milk Cream"", ""Enzyme Modified Cheddar Cheese(Cheese[cultured milk, salt, enzyme], Trisodium citrate, Sodium phosphate)"", ""Soy Sauce(Water, Soybean, Salt, Wheat)"", ""Acid Hydrolyzed Soy"", ""Soy Protein"", ""Disodium Inosinate"", ""Disodium Guanylate"", ""Oleoresin(capsicum, habanero pepper, black pepper)"", ""Color(paprika, annatto)"", ""Mozzarella Cheese(Milk, Cheese culture, Salt, Enzyme)"", ""Monosodium Glutamate"", ""Corn Oil"", ""Rice Powder"", ""Whole Milk Powder"", ""Phosphates(potassium, sodium, calcium)"", ""Sodium Caseinate"", ""Spices"", ""Silicon Dioxide"", ""Mono&Diglycerides"", ""Palm&Coconut Oil"", ""Lactic Acid Bacteria Powder"", ""Lactic Acid"", ""Dipotassium Phosphate"", ""Parsley"", ""Garlic Powder"", ""Tricalcium Phosphate"", ""Caramelized Sugar"", ""Sesame Oil"", ""Garlic Oil""]","{""servings_per_container"": ""5"", ""serving_size"": ""1 bag (140g)"", ""calories"": ""580"", ""total_fat"": ""20g"", ""saturated_fat"": ""8g"", ""trans_fat"": ""0g"", ""cholesterol"": ""15mg"", ""sodium"": ""1140mg"", ""total_carbohydrate"": ""87g"", ""dietary_fiber"": ""3g"", ""total_sugars"": ""12g"", ""added_sugars"": ""11g"", ""protein"": ""14g"", ""vitamin_d"": ""0mcg"", ""calcium"": ""90mg"", ""iron"": ""1.9mg"", ""potassium"": ""350mg""}",https://github.com/kritikachugh/keetly_datasets/tree/main/product/192699000864
031146262571,Bowl Noodles Spicy Chicken Flavor,Nongshim,"[""ENRICHED WHEAT FLOUR (WHEAT FLOUR, NIACIN, REDUCED IRON, THIAMINE MONONITRATE, RIBOFLAVIN, FOLIC ACID)"", ""PALM OIL"", ""POTATO STARCH"", ""MODIFIED POTATO STARCH"", ""SALT"", ""CONTAINS LESS THAN 2% OF: ARTIFICIAL FLAVORS"", ""BEEF BONE EXTRACT\u2020"", ""BEEF EXTRACT\u2020"", ""BEEF FAT\u2020"", ""BLACK PEPPER\u2020"", ""CHICKEN BONE EXTRACT\u2020"", ""CHICKEN BROTH\u2020"", ""CHICKEN FAT\u2020"", ""CORN SYRUP"", ""DEHYDRATED VEGETABLES (CHILI PEPPER, GREEN ONION, GARLIC, MUSHROOM)\u2020"", ""DEXTROSE"", ""DISODIUM GUANYLATE"", ""DISODIUM INOSINATE"", ""DISODIUM SUCCINATE"", ""DRIED CARROT"", ""FREEZE DRIED CORN"", ""GARLIC\u2020"", ""GUM ARABIC"", ""HYDROLYZED SOY PROTEIN"", ""MALIC ACID"", ""MALTODEXTRIN"", ""MODIFIED CORN STARCH"", ""MODIFIED TAPIOCA STARCH"", ""MUSHROOM EXTRACT\u2020"", ""NATURAL FLAVORS (COCONUT)"", ""ONION\u2020"", ""PARSLEY FLAKES"", ""POTASSIUM CARBONATE"", ""RADISH EXTRACT\u2020"", ""RED CHILI PEPPER\u2020"", ""RIBOFLAVIN (COLOR)"", ""RICE FLOUR"", ""SODIUM CARBONATE"", ""SODIUM PHOSPHATES"", ""SOY LECITHIN"", ""SOYBEAN PASTE (WHEAT, SALT, SOY)"", ""SUGAR"", ""TEXTURED SOY PROTEIN (DEFATTED SOY FLOUR, HYDROLYZED SOY PROTEIN, DEXTROSE, MALTODEXTRIN, WHEAT GLUTEN, VINEGAR, CITRIC ACID)"", ""TOCOPHEROLS (ANTIOXIDANT)"", ""TURMERIC\u2020 (COLOR)"", ""VEGETABLE MIXTURE\u2020 (CORN SYRUP, ONION, CABBAGE, SPINACH, PUMPKIN, CARROT, TOMATO PASTE)"", ""YEAST EXTRACT"", ""YELLOW CORN FLOUR""]","{""serving_size"": ""1 bowl (86g)"", ""calories"": ""370"", ""total_fat"": ""12g"", ""saturated_fat"": ""6g"", ""trans_fat"": ""0g"", ""cholesterol"": ""0mg"", ""sodium"": ""1500mg"", ""total_carbohydrate"": ""58g"", ""dietary_fiber"": ""4g"", ""total_sugars"": ""3g"", ""includes_added_sugars"": ""less than 1g"", ""protein"": ""8g"", ""vitamin_d"": ""0mcg"", ""calcium"": ""20mg"", ""iron"": ""3.4mg"", ""potassium"": ""260mg""}",https://github.com/kritikachugh/keetly_datasets/tree/main/product/031146262571
073141152426,Pocky Crunchy Strawberry Cream Covered Biscuit Sticks,Glico,"[""FLOUR (WHEAT FLOUR, FERROUS FUMARATE, NIACINAMIDE, THIAMIN MONONITRATE, RIBOFLAVIN, FOLIC ACID)"", ""SUGAR"", ""PALM OIL"", ""LACTOSE"", ""WHOLE MILK POWDER"", ""VEGETABLE SHORTENING (PALM OIL, FULLY HYDROGENATED PALM OIL)"", ""STRAWBERRY POWDER (STRAWBERRY PUREE GRANULATE, MALTODEXTRIN, GLUCOSE SYRUP, BROWN SUGAR)"", ""INULIN"", ""CACAO BUTTER EQUIVALENT (PALM OIL, SUNFLOWER OIL, LECITHIN, TOCOPHEROL CONCENTRATE (PRESERVATIVE))"", ""COCOA POWDER"", ""STRAWBERRY FLAKES (STRAWBERRY PUREE GRANULATE, GLUCOSE SYRUP, MALTODEXTRIN, BROWN SUGAR)"", ""WHOLE WHEAT FLOUR"", ""ARTIFICIAL FLAVOR"", ""BEET RED (COLOR)"", ""SOY LECITHIN"", ""SALT"", ""SODIUM BICARBONATE"", ""BAKER'S YEAST"", ""WHEAT GLUTEN"", ""PGPR"", ""MALIC ACID"", ""SUCROSE FATTY ACID ESTERS""]","{""serving_size"": ""1 pack (26g)"", ""servings_per_container"": ""2"", ""calories"": ""130"", ""total_fat"": ""6g"", ""saturated_fat"": ""3.5g"", ""trans_fat"": ""0g"", ""cholesterol"": ""0mg"", ""sodium"": ""40mg"", ""total_carbohydrate"": ""18g"", ""dietary_fiber"": ""1g"", ""total_sugars"": ""10g"", ""added_sugars"": ""8g"", ""protein"": ""2g"", ""vitamin_d"": ""0mcg"", ""calcium"": ""0mg"", ""iron"": ""0.2mg"", ""potassium"": ""40mg""}",https://github.com/kritikachugh/keetly_datasets/tree/main/product/073141152426
048564002030,Sonora Style Soft Taco Flour Tortillas,Guerrero,"[""Enriched bleached flour (wheat flour, niacin, reduced iron, thiamine mononitrate, riboflavin, folic acid)"", ""Water"", ""Vegetable shortening and margarine blend (interesterified soybean oil, hydrogenated soybean and/or cottonseed oils, mono- and diglycerides, soy lecithin, artificial flavor, beta-carotene [color], vitamin a palmitate)"", ""Salt"", ""Sugar"", ""Cellulose gum"", ""Sodium acid pyrophosphate"", ""Enzymes"", ""Baking soda"", ""Fumaric acid"", ""Calcium propionate (to maintain freshness)"", ""Sorbic acid (to maintain freshness)""]","{""serving_size"": ""1 tortilla (41g)"", ""servings_per_container"": ""20"", ""calories"": ""140"", ""total_fat"": ""6g"", ""saturated_fat"": ""2g"", ""trans_fat"": ""0g"", ""cholesterol"": ""0mg"", ""sodium"": ""310mg"", ""total_carbohydrate"": ""17g"", ""dietary_fiber"": ""2g"", ""total_sugars"": ""1g"", ""added_sugars"": ""1g"", ""protein"": ""3g"", ""vitamin_d"": ""0mcg"", ""calcium"": ""45mg"", ""iron"": ""1.4mg"", ""potassium"": ""39mg""}",https://github.com/kritikachugh/keetly_datasets/tree/main/product/048564002030
041501519455,Yellow Corn Taco Shells,Ortega,"[""Enriched Corn Masa Flour (Yellow Corn Flour, Folic Acid, Hydrated Lime)"", ""High Oleic Canola Oil And/Or Corn Oil"", ""Water"", ""Salt""]","{""servings_per_container"": ""4"", ""serving_size"": ""3 shells (35g)"", ""calories"": ""170"", ""total_fat"": ""9g"", ""saturated_fat"": ""1g"", ""trans_fat"": ""0g"", ""cholesterol"": ""0mg"", ""sodium"": ""200mg"", ""total_carbohydrate"": ""21g"", ""dietary_fiber"": ""2g"", ""total_sugars"": ""0g"", ""added_sugars"": ""0g"", ""protein"": ""2g"", ""vitamin_d"": ""0mcg"", ""calcium"": ""20mg"", ""iron"": ""0.8mg"", ""potassium"": ""70mg""}",
046000811512,18 Taco Shells Crunchy,Old El Paso,"[""Limed Corn Flour"", ""Palm Oil"", ""Salt""]","{""serving_size"": ""3 Shells (32g)"", ""servings_per_container"": ""6"", ""calories"": ""150"", ""total_fat"": ""7g"", ""saturated_fat"": ""3g"", ""trans_fat"": ""0g"", ""cholesterol"": ""0mg"", ""sodium"": ""260mg"", ""total_carbohydrate"": ""20g"", ""dietary_fiber"": ""2g"", ""total_sugars"": ""0g"", ""added_sugars"": ""0g"", ""protein"": ""2g"", ""vitamin_d"": ""0mcg"", ""calcium"": ""0mg"", ""iron"": ""0mg"", ""potassium"": ""0mg""}",https://github.com/kritikachugh/keetly_datasets/tree/main/product/046000811512
021130322312,Sliced Carrots,Signature SELECT,"[""CARROTS"", ""WATER"", ""SALT"", ""CALCIUM CHLORIDE (FIRMING AGENT)""]","{""serving_size"": ""1/2 cup (120g)"", ""servings_per_container"": ""about 3.5"", ""calories"": ""15"", ""total_fat"": ""0g"", ""saturated_fat"": ""0g"", ""trans_fat"": ""0g"", ""cholesterol"": ""0mg"", ""sodium"": ""250mg"", ""total_carbohydrate"": ""4g"", ""dietary_fiber"": ""1g"", ""total_sugars"": ""2g"", ""added_sugars"": ""0g"", ""protein"": ""0g"", ""vitamin_d"": ""0mcg"", ""calcium"": ""30mg"", ""iron"": ""0.4mg"", ""potassium"": ""130mg""}",https://github.com/kritikachugh/keetly_datasets/tree/main/product/021130322312
025000136788,Simply Orange Pulp Free 100% Orange Juice,Simply,"[""100% Pure Squeezed Pasteurized Orange Juice""]","{""servings_per_container"": ""About 6"", ""serving_size"": ""8 fl oz (240 mL)"", ""calories"": ""110"", ""total_fat"": ""0g"", ""sodium"": ""0mg"", ""total_carbohydrate"": ""26g"", ""total_sugars"": ""23g"", ""added_sugars"": ""0g"", ""protein"": ""2g"", ""calcium"": ""20mg"", ""potassium"": ""450mg"", ""vitamin_c"": ""80%"", ""thiamin"": ""8%"", ""niacin"": ""2%"", ""vitamin_b6"": ""4%"", ""folate"": ""10%"", ""magnesium"": ""6%""}",https://github.com/kritikachugh/keetly_datasets/tree/main/product/025000136788
021130070114,2% Reduced Fat Milk,Lucerne Dairy Farms,"[""REDUCED FAT MILK"", ""FAT FREE MILK"", ""VITAMIN A PALMITATE"", ""VITAMIN D3""]","{""serving_size"": ""1 cup (240mL)"", ""servings_per_container"": ""About 8"", ""calories"": ""140"", ""total_fat"": ""5g"", ""saturated_fat"": ""3g"", ""trans_fat"": ""0g"", ""cholesterol"": ""25mg"", ""sodium"": ""150mg"", ""total_carbohydrate"": ""15g"", ""dietary_fiber"": ""0g"", ""total_sugars"": ""14g"", ""added_sugars"": ""0g"", ""protein"": ""10g"", ""vitamin_d"": ""2.6mcg"", ""calcium"": ""300mg"", ""iron"": ""0mg"", ""potassium"": ""450mg"", ""vitamin_a"": ""170mcg""}",https://github.com/kritikachugh/keetly_datasets/tree/main/product/021130070114
070852994055,Whole Milk Ultra-Pasteurized Vitamin D,Clover Sonoma,"[""Milk"", ""Vitamin D3""]","{""serving_size"": ""1 cup (240 mL)"", ""servings_per_container"": ""8"", ""calories"": ""160"", ""total_fat"": ""9g"", ""saturated_fat"": ""5g"", ""trans_fat"": ""0g"", ""cholesterol"": ""35mg"", ""sodium"": ""125mg"", ""total_carbohydrate"": ""12g"", ""dietary_fiber"": ""0g"", ""total_sugars"": ""12g"", ""added_sugars"": ""0g"", ""protein"": ""8g"", ""vitamin_d"": ""2.5mcg"", ""calcium"": ""300mg"", ""iron"": ""0mg"", ""potassium"": ""410mg""}",https://github.com/kritikachugh/keetly_datasets/tree/main/product/070852994055
742365264757,Organic 2% Reduced Fat Milk,Horizon Organic,"[""GRADE A REDUCED FAT ORGANIC MILK"", ""GRADE A NONFAT ORGANIC MILK"", ""VITAMIN A PALMITATE"", ""VITAMIN D3""]","{""serving_size"": ""1 cup (240mL)"", ""servings_per_container"": ""About 8"", ""calories"": ""140"", ""total_fat"": ""5g"", ""saturated_fat"": ""3g"", ""trans_fat"": ""0g"", ""polyunsaturated_fat"": ""0g"", ""monounsaturated_fat"": ""1.5g"", ""cholesterol"": ""25mg"", ""sodium"": ""150mg"", ""total_carbohydrate"": ""15g"", ""dietary_fiber"": ""0g"", ""total_sugars"": ""14g"", ""added_sugars"": ""0g"", ""protein"": ""9g"", ""vitamin_d"": ""2.5mcg"", ""calcium"": ""340mg"", ""iron"": ""0mg"", ""potassium"": ""440mg"", ""vitamin_a"": ""150mcg"", ""riboflavin"": ""0.4mg"", ""vitamin_b12"": ""1.2mcg"", ""phosphorus"": ""240mg""}",https://github.com/kritikachugh/keetly_datasets/tree/main/product/742365264757
025293000995,Vanilla Almondmilk,Silk,"[""Almondmilk (Water, Almonds)"", ""Cane Sugar"", ""Vitamin and Mineral Blend (Calcium Carbonate, Vitamin E Acetate, Vitamin A Palmitate, Vitamin D2, Vitamin B12)"", ""Sea Salt"", ""Gellan Gum"", ""Dipotassium Phosphate"", ""Ascorbic Acid (Vitamin C To Protect Freshness)"", ""Natural Flavor""]","{""serving_size"": ""1 cup (240mL)"", ""servings_per_container"": ""About 8"", ""calories"": ""80"", ""total_fat"": ""2g"", ""saturated_fat"": ""0g"", ""trans_fat"": ""0g"", ""polyunsaturated_fat"": ""0.5g"", ""monounsaturated_fat"": ""1.5g"", ""cholesterol"": ""0mg"", ""sodium"": ""130mg"", ""total_carbohydrate"": ""14g"", ""dietary_fiber"": ""0g"", ""total_sugars"": ""13g"", ""added_sugars"": ""13g"", ""protein"": ""1g"", ""vitamin_d"": ""4mcg"", ""calcium"": ""470mg"", ""iron"": ""0.4mg"", ""potassium"": ""0mg"", ""vitamin_a"": ""150mcg"", ""vitamin_e"": ""4mg"", ""vitamin_b12"": ""1.1mcg"", ""magnesium"": ""10mg""}",https://github.com/kritikachugh/keetly_datasets/tree/main/product/025293000995
025293000995,Vanilla Almondmilk,Silk,"[""Almondmilk (Water, Almonds)"", ""Cane Sugar"", ""Calcium Carbonate"", ""Vitamin E Acetate"", ""Vitamin A Palmitate"", ""Vitamin D2"", ""Vitamin B12"", ""Sea Salt"", ""Gellan Gum"", ""Dipotassium Phosphate"", ""Ascorbic Acid (Vitamin C To Protect Freshness)"", ""Natural Flavor""]","{""serving_size"": ""1 cup (240mL)"", ""servings_per_container"": ""About 8"", ""calories"": ""80"", ""total_fat"": ""2g"", ""saturated_fat"": ""0g"", ""trans_fat"": ""0g"", ""polyunsaturated_fat"": ""0.5g"", ""monounsaturated_fat"": ""1.5g"", ""cholesterol"": ""0mg"", ""sodium"": ""130mg"", ""total_carbohydrate"": ""14g"", ""dietary_fiber"": ""0g"", ""total_sugars"": ""13g"", ""added_sugars"": ""13g"", ""protein"": ""1g"", ""vitamin_d"": ""4mcg"", ""calcium"": ""470mg"", ""iron"": ""0.4mg"", ""potassium"": ""0mg"", ""vitamin_a"": ""150mcg"", ""vitamin_e"": ""4mg"", ""vitamin_b12"": ""1.1mcg"", ""magnesium"": ""10mg""}",https://github.com/kritikachugh/keetly_datasets/tree/main/product/025293000995
025293002289,Unsweet Coconutmilk,Silk,"[""Coconutmilk (Water, Coconut Cream)"", ""Vitamin and Mineral Blend (Calcium Carbonate, Vitamin E Acetate, Vitamin A Palmitate, Vitamin D2, Vitamin B12)"", ""Dipotassium Phosphate"", ""Sea Salt"", ""Gellan Gum"", ""Natural Flavor"", ""Ascorbic Acid (Vitamin C To Protect Freshness)""]","{""servings_per_container"": ""About 8"", ""serving_size"": ""1 cup (240mL)"", ""calories"": ""40"", ""total_fat"": ""4g"", ""saturated_fat"": ""3.5g"", ""trans_fat"": ""0g"", ""cholesterol"": ""0mg"", ""sodium"": ""50mg"", ""total_carbohydrate"": ""2g"", ""dietary_fiber"": ""0g"", ""total_sugars"": ""0g"", ""added_sugars"": ""0g"", ""protein"": ""0g"", ""vitamin_d"": ""4mcg"", ""calcium"": ""470mg"", ""iron"": ""0.5mg"", ""potassium"": ""310mg"", ""vitamin_a"": ""150mcg"", ""vitamin_e"": ""4mg"", ""vitamin_b12"": ""1.1mcg"", ""magnesium"": ""20mg""}",https://github.com/kritikachugh/keetly_datasets/tree/main/product/025293002289
079893166773,Oatmilk Unsweetened Original,Open Nature,"[""Oat Beverage (Filtered Water, Oats)"", ""Potassium Phosphate"", ""Calcium Carbonate"", ""Tricalcium Phosphate"", ""Sea Salt"", ""Gellan Gum"", ""Vitamin A Palmitate"", ""Ergocalciferol (Vitamin D2)"", ""Riboflavin"", ""Vitamin B12""]","{""serving_size"": ""1 cup (240mL)"", ""servings_per_container"": ""About 7"", ""calories"": ""45"", ""total_fat"": ""0.5g"", ""saturated_fat"": ""0g"", ""trans_fat"": ""0g"", ""cholesterol"": ""0mg"", ""sodium"": ""100mg"", ""total_carbohydrate"": ""9g"", ""dietary_fiber"": ""1g"", ""total_sugars"": ""0g"", ""added_sugars"": ""0g"", ""protein"": ""1g"", ""vitamin_d"": ""3.6mcg"", ""calcium"": ""350mg"", ""iron"": ""0.35mg"", ""potassium"": ""340mg"", ""vitamin_a"": ""160mcg"", ""riboflavin"": ""0.13mg"", ""vitamin_b12"": ""1.2mcg""}",https://github.com/kritikachugh/keetly_datasets/tree/main/product/079893166773
050000322909,Coffee mate Hazelnut Liquid Coffee Creamer,Nestlé Coffee mate,"[""WATER"", ""SUGAR"", ""SOYBEAN OIL"", ""MICELLAR CASEIN (A MILK DERIVATIVE)"", ""DIPOTASSIUM PHOSPHATE"", ""MONO- AND DIGLYCERIDES"", ""CELLULOSE GEL"", ""CELLULOSE GUM"", ""NATURAL AND ARTIFICIAL FLAVOR"", ""CARRAGEENAN""]","{""serving_size"": ""1 tbsp (15 mL)"", ""servings_per_container"": ""About 63"", ""calories"": ""35"", ""total_fat"": ""1.5g"", ""saturated_fat"": ""0g"", ""trans_fat"": ""0g"", ""polyunsaturated_fat"": ""0g"", ""monounsaturated_fat"": ""1g"", ""cholesterol"": ""0mg"", ""sodium"": ""5mg"", ""total_carbohydrate"": ""5g"", ""total_sugars"": ""5g"", ""added_sugars"": ""5g"", ""protein"": ""0g""}",https://github.com/kritikachugh/keetly_datasets/tree/main/product/050000322909
850023192059,Apple Cranberry Granola with Subtle Curry Spices,NutHouse! Granola Co.,"[""ORGANIC GLUTEN-FREE OATS"", ""TREE NUTS (COCONUT, ALMONDS, WALNUTS)"", ""ORGANIC CANE SUGAR"", ""DRIED CRANBERRIES (CRANBERRIES, CANE SUGAR)"", ""APPLE SYRUP"", ""SAFFLOWER OIL"", ""PUMPKIN SEEDS"", ""ORGANIC AGAVE SYRUP"", ""CURRY POWDER"", ""KOSHER SALT"", ""NATURAL FLAVOR"", ""ROSEMARY EXTRACT""]","{""serving_size"": ""1/4 cup (28g)"", ""servings_per_container"": ""About 12"", ""calories"": ""110"", ""total_fat"": ""6g"", ""saturated_fat"": ""1g"", ""trans_fat"": ""0g"", ""cholesterol"": ""0mg"", ""sodium"": ""45mg"", ""total_carbohydrate"": ""14g"", ""dietary_fiber"": ""2g"", ""total_sugars"": ""5g"", ""added_sugars"": ""3g"", ""protein"": ""3g"", ""vitamin_d"": ""0mcg"", ""calcium"": ""16mg"", ""iron"": ""1mg"", ""potassium"": ""49mg""}",https://github.com/kritikachugh/keetly_datasets/tree/main/product/850023192059
850023192059,Apple Cranberry Granola with Subtle Curry Spices,NutHouse! Granola Co.,"[""ORGANIC GLUTEN-FREE OATS"", ""TREE NUTS (COCONUT, ALMONDS, WALNUTS)"", ""ORGANIC CANE SUGAR"", ""DRIED CRANBERRIES (CRANBERRIES, CANE SUGAR)"", ""APPLE SYRUP"", ""SAFFLOWER OIL"", ""PUMPKIN SEEDS"", ""ORGANIC AGAVE SYRUP"", ""CURRY POWDER"", ""KOSHER SALT"", ""NATURAL FLAVOR"", ""ROSEMARY EXTRACT""]","{""serving_size"": ""1/4 cup (28g)"", ""servings_per_container"": ""About 12"", ""calories"": ""110"", ""total_fat"": ""6g"", ""saturated_fat"": ""1g"", ""trans_fat"": ""0g"", ""cholesterol"": ""0mg"", ""sodium"": ""45mg"", ""total_carbohydrate"": ""14g"", ""dietary_fiber"": ""2g"", ""total_sugars"": ""5g"", ""added_sugars"": ""3g"", ""protein"": ""3g"", ""vitamin_d"": ""0mcg"", ""calcium"": ""16mg"", ""iron"": ""1mg"", ""potassium"": ""49mg""}",https://github.com/kritikachugh/keetly_datasets/tree/main/product/850023192059
850047220813,Protein Nut Granola - Honey Nut,NuTrail,"[""SUNFLOWER SEEDS"", ""PUMPKIN SEEDS"", ""ERYTHRITOL"", ""WHEY PROTEIN CRISPS (WHEY PROTEIN CONCENTRATE, TAPIOCA STARCH)"", ""ALMONDS"", ""PECANS"", ""BUTTER (PASTEURIZED CREAM, NATURAL FLAVOR)"", ""WHEY PROTEIN CONCENTRATE"", ""NATURAL FLAVORS"", ""SALT"", ""MONKFRUIT EXTRACT""]","{""serving_size"": ""2/3 Cup (70g)"", ""servings_per_container"": ""About 3"", ""calories"": ""330"", ""total_fat"": ""25g"", ""saturated_fat"": ""5g"", ""trans_fat"": ""0g"", ""cholesterol"": ""25mg"", ""sodium"": ""60mg"", ""total_carbohydrate"": ""19g"", ""dietary_fiber"": ""3g"", ""total_sugars"": ""1g"", ""added_sugars"": ""0g"", ""sugar_alcohol"": ""11g"", ""protein"": ""17g"", ""vitamin_d"": ""0mcg"", ""calcium"": ""110mg"", ""iron"": ""2.1mg"", ""potassium"": ""200mg""}",https://github.com/kritikachugh/keetly_datasets/tree/main/product/850047220813
079893116563,"Quinoa, Chia & Flaxseed Granola",O Organics,"[""ORGANIC WHOLE ROLLED OATS"", ""ORGANIC CANE SUGAR"", ""ORGANIC EXPELLER PRESSED CANOLA OIL"", ""ORGANIC WHOLE GRAIN BLEND (ORGANIC AMARANTH, ORGANIC BARLEY, ORGANIC QUINOA)"", ""ORGANIC OAT SYRUP SOLIDS"", ""ORGANIC QUINOA FLAKES"", ""ORGANIC CHIA SEEDS"", ""ORGANIC FLAX SEEDS"", ""ORGANIC MOLASSES"", ""ORGANIC NATURAL FLAVOR"", ""SALT"", ""ORGANIC CINNAMON BARK"", ""MIXED TOCOPHEROLS (VITAMIN E TO MAINTAIN FRESHNESS)""]","{""serving_size"": ""1/2 cup (55g)"", ""servings_per_container"": ""About 8"", ""calories"": ""240"", ""total_fat"": ""8g"", ""saturated_fat"": ""1g"", ""trans_fat"": ""0g"", ""cholesterol"": ""0mg"", ""sodium"": ""75mg"", ""total_carbohydrate"": ""38g"", ""dietary_fiber"": ""5g"", ""total_sugars"": ""10g"", ""added_sugars"": ""10g"", ""protein"": ""6g"", ""vitamin_d"": ""0mcg"", ""calcium"": ""40mg"", ""iron"": ""2mg"", ""potassium"": ""180mg""}",https://github.com/kritikachugh/keetly_datasets/tree/main/product/079893116563
018627115656,Kashi GO Peanut Butter Crunch Cereal,Kashi,"[""Soy flakes"", ""brown rice syrup"", ""peanut butter (peanuts)"", ""puffed whole grains blend (hard red wheat, triticale grain, brown rice, rye)"", ""cane sugar"", ""whole grain oats"", ""acacia gum"", ""expeller pressed canola oil"", ""oat fiber"", ""molasses"", ""sea salt"", ""peanut oil"", ""rosemary extract for freshness""]","{""servings_per_container"": ""About 8"", ""serving_size"": ""3/4 Cup (56g)"", ""calories"": ""220"", ""total_fat"": ""9g"", ""saturated_fat"": ""1g"", ""trans_fat"": ""0g"", ""polyunsaturated_fat"": ""3g"", ""monounsaturated_fat"": ""4.5g"", ""cholesterol"": ""0mg"", ""sodium"": ""140mg"", ""total_carbohydrate"": ""33g"", ""dietary_fiber"": ""10g"", ""soluble_fiber"": ""5g"", ""insoluble_fiber"": ""5g"", ""total_sugars"": ""10g"", ""added_sugars"": ""9g"", ""protein"": ""10g"", ""vitamin_d"": ""0mcg"", ""calcium"": ""90mg"", ""iron"": ""1.5mg"", ""potassium"": ""450mg"", ""phosphorus"": ""10%"", ""magnesium"": ""15%"", ""zinc"": ""10%""}",https://github.com/kritikachugh/keetly_datasets/tree/main/product/018627115656
041192102233,Special K Red Berries,Kellogg's,"[""Whole grain wheat"", ""rice"", ""sugar"", ""freeze-dried strawberries"", ""wheat bran"", ""contains 2% or less of brown sugar syrup"", ""salt"", ""malt flavor"", ""Vitamin C (ascorbic acid)"", ""reduced iron"", ""vitamin E acetate"", ""niacinamide"", ""beta-carotene"", ""vitamin B6 (pyridoxine hydrochloride)"", ""vitamin B1 (thiamin hydrochloride)"", ""vitamin B2 (riboflavin)"", ""folic acid"", ""vitamin D3"", ""vitamin B12""]","{""serving_size"": ""1 Cup (39g)"", ""servings_per_container"": ""About 8"", ""calories"": ""140"", ""total_fat"": ""0.5g"", ""saturated_fat"": ""0g"", ""trans_fat"": ""0g"", ""polyunsaturated_fat"": ""0g"", ""monounsaturated_fat"": ""0g"", ""cholesterol"": ""0mg"", ""sodium"": ""250mg"", ""total_carbohydrate"": ""34g"", ""dietary_fiber"": ""3g"", ""total_sugars"": ""11g"", ""added_sugars"": ""10g"", ""protein"": ""3g"", ""vitamin_d"": ""2mcg"", ""calcium"": ""10mg"", ""iron"": ""10.8mg"", ""potassium"": ""80mg""}",https://github.com/kritikachugh/keetly_datasets/tree/main/product/041192102233
602652276958,Protein From Real Food - Dark Chocolate Nut,KIND,"[""Peanuts"", ""almonds"", ""glucose syrup"", ""soy protein isolate"", ""honey"", ""palm kernel oil"", ""cane sugar"", ""chicory root fiber"", ""unsweetened chocolate"", ""alkalized cocoa"", ""soy lecithin"", ""natural flavor"", ""salt"", ""cocoa butter""]","{""servings_per_container"": ""5"", ""serving_size"": ""1 bar (50g)"", ""calories"": ""240"", ""total_fat"": ""17g"", ""saturated_fat"": ""4g"", ""trans_fat"": ""0g"", ""polyunsaturated_fat"": ""2.5g"", ""monounsaturated_fat"": ""10g"", ""cholesterol"": ""0mg"", ""sodium"": ""125mg"", ""total_carbohydrate"": ""18g"", ""dietary_fiber"": ""5g"", ""total_sugars"": ""8g"", ""added_sugars"": ""6g"", ""sugar_alcohol"": ""0g"", ""protein"": ""12g"", ""vitamin_d"": ""0mcg"", ""calcium"": ""42mg"", ""iron"": ""2mg"", ""potassium"": ""231mg""}",https://github.com/kritikachugh/keetly_datasets/tree/main/product/602652276958
602652270291,Caramel Almond & Sea Salt Nut Bar,KIND,"[""Almonds"", ""chicory root fiber"", ""honey"", ""glucose syrup"", ""cane sugar"", ""palm kernel oil"", ""rice flour"", ""milk powder"", ""sea salt"", ""carob powder"", ""soy lecithin"", ""natural flavor"", ""annatto extract""]","{""serving_size"": ""1 bar (40g)"", ""servings_per_container"": ""6"", ""calories"": ""170"", ""total_fat"": ""15g"", ""saturated_fat"": ""3g"", ""trans_fat"": ""0g"", ""polyunsaturated_fat"": ""3.5g"", ""monounsaturated_fat"": ""9g"", ""cholesterol"": ""0mg"", ""sodium"": ""125mg"", ""total_carbohydrate"": ""16g"", ""dietary_fiber"": ""7g"", ""total_sugars"": ""5g"", ""added_sugars"": ""4g"", ""sugar_alcohol"": ""0g"", ""protein"": ""6g"", ""vitamin_d"": ""0mcg"", ""calcium"": ""73mg"", ""iron"": ""1mg"", ""potassium"": ""187mg""}",https://github.com/kritikachugh/keetly_datasets/tree/main/product/102652270296
016000149458,Crispy Creamy Wafer Peanut Butter Wafer Bars,Nature Valley,"[""Peanut Butter (peanuts, salt)"", ""Sugar"", ""Palm and Palm Kernel Oil"", ""Whole Grain Wheat Flour"", ""Whole Grain Oats"", ""Maltodextrin"", ""Partially Defatted Peanut Flour"", ""Peanut Flour"", ""Peanuts"", ""Salt"", ""Nonfat Milk"", ""Corn Starch"", ""Honey"", ""Soy Lecithin"", ""Baking Soda"", ""Natural Flavor""]","{""servings_per_container"": ""5"", ""serving_size"": ""1 bar (36g)"", ""calories"": ""200"", ""total_fat"": ""12g"", ""saturated_fat"": ""5g"", ""trans_fat"": ""0g"", ""cholesterol"": ""0mg"", ""sodium"": ""160mg"", ""total_carbohydrate"": ""18g"", ""dietary_fiber"": ""2g"", ""total_sugars"": ""8g"", ""added_sugars"": ""7g"", ""protein"": ""4g"", ""vitamin_d"": ""0mcg"", ""calcium"": ""0mg"", ""iron"": ""0.6mg"", ""potassium"": ""130mg""}",https://github.com/kritikachugh/keetly_datasets/tree/main/product/016000149458
034856822653,Fruit Snacks Variety Pack (Fruit Punch & Berries 'N Cherries),Welch's,"[""Fruit Punch Ingredients: Whole Fruit Puree (Grape, Apple, Orange, Cherry and Pineapple)"", ""Corn Syrup"", ""Sugar"", ""Modified Corn Starch"", ""Gelatin"", ""Citric Acid (Acidulant)"", ""Lactic Acid"", ""Natural and Artificial Flavors"", ""Ascorbic Acid (Vitamin C)"", ""Alpha Tocopherol Acetate (Vitamin E)"", ""Vitamin A Palmitate"", ""Carnauba Wax"", ""Annatto (Color)"", ""Turmeric (Color)"", ""Anthocyanin (Color)"", ""Fruit and Vegetable Juice (Color)"", ""Berries 'N Cherries Ingredients: Whole Fruit Puree (Grape, Peach, Strawberry, Raspberry, Blackberry, Blueberry and Cherry)"", ""Corn Syrup"", ""Sugar"", ""Modified Corn Starch"", ""Gelatin"", ""Citric Acid (Acidulant)"", ""Lactic Acid"", ""Natural and Artificial Flavors"", ""Ascorbic Acid (Vitamin C)"", ""Alpha Tocopherol Acetate (Vitamin E)"", ""Vitamin A Palmitate"", ""Carnauba Wax"", ""Annatto (Color)"", ""Turmeric (Color)"", ""Fruit and Vegetable Juice (Color)""]","{""serving_size"": ""1 pouch (22.7g)"", ""servings_per_container"": ""22"", ""calories"": ""70"", ""total_fat"": ""0g"", ""sodium"": ""0mg"", ""total_carbohydrate"": ""17g"", ""total_sugars"": ""10g"", ""added_sugars"": ""8g"", ""protein"": ""1g"", ""vitamin_a"": ""230mcg"", ""vitamin_c"": ""23mg"", ""vitamin_e"": ""3.8mg""}",https://github.com/kritikachugh/keetly_datasets/tree/main/product/034856822653
884912006813,Honey Bunches of Oats with Almonds,Post,"[""Corn"", ""Whole Grain Wheat"", ""Sugar"", ""Whole Grain Rolled Oats"", ""Almonds"", ""Rice"", ""Canola and/or Soybean Oil"", ""Wheat Flour"", ""Malted Barley Flour"", ""Corn Syrup"", ""Salt"", ""Molasses"", ""Honey"", ""Caramel Color"", ""Barley Malt Extract"", ""Cinnamon"", ""Natural and Artificial Flavor"", ""Annatto Extract (color)"", ""BHT added to preserve freshness"", ""Reduced Iron"", ""Niacinamide (Vitamin B3)"", ""Vitamin A Palmitate"", ""Pyridoxine Hydrochloride (Vitamin B6)"", ""Zinc Oxide"", ""Thiamin Mononitrate (Vitamin B1)"", ""Riboflavin (Vitamin B2)"", ""Folic Acid"", ""Vitamin B12""]","{""servings_per_container"": ""About 16 servings per container"", ""serving_size"": ""1 cup (42g)"", ""calories"": ""170"", ""total_fat"": ""3g"", ""saturated_fat"": ""0g"", ""trans_fat"": ""0g"", ""polyunsaturated_fat"": ""0.5g"", ""monounsaturated_fat"": ""1.5g"", ""cholesterol"": ""0mg"", ""sodium"": ""180mg"", ""total_carbohydrate"": ""33g"", ""dietary_fiber"": ""2g"", ""total_sugars"": ""9g"", ""added_sugars"": ""8g"", ""protein"": ""3g"", ""vitamin_d"": ""2mcg"", ""calcium"": ""10mg"", ""iron"": ""16.2mg"", ""potassium"": ""90mg"", ""vitamin_a"": ""40%"", ""thiamin"": ""40%"", ""riboflavin"": ""35%"", ""niacin"": ""40%"", ""vitamin_b6"": ""40%"", ""folate"": ""400mcg DFE (240mcg folic acid)"", ""vitamin_b12"": ""100%"", ""phosphorus"": ""6%"", ""magnesium"": ""6%"", ""zinc"": ""10%""}",https://github.com/kritikachugh/keetly_datasets/tree/main/product/884912006813
817946020807,"Fruit Splits - Apple, Pear, Strawberry",BEAR,"[""Apples"", ""Pears"", ""Strawberries"", ""Black carrot juice (color)""]","{""serving_size"": ""1 pack (20g)"", ""servings_per_container"": ""5"", ""calories"": ""50"", ""total_fat"": ""0g"", ""saturated_fat"": ""0g"", ""trans_fat"": ""0g"", ""cholesterol"": ""0mg"", ""sodium"": ""0mg"", ""total_carbohydrate"": ""12g"", ""dietary_fiber"": ""2g"", ""total_sugars"": ""9g"", ""added_sugars"": ""0g"", ""protein"": ""0g"", ""vitamin_d"": ""0mcg"", ""calcium"": ""5mg"", ""iron"": ""0.2mg"", ""potassium"": ""125mg""}",https://github.com/kritikachugh/keetly_datasets/tree/main/product/817946020807
038000222559,Frosted Blueberry Toaster Pastries,Pop-Tarts,"[""Enriched flour (wheat flour, niacin, reduced iron, vitamin B1 [thiamin mononitrate], vitamin B2 [riboflavin], folic acid)"", ""corn syrup"", ""high fructose corn syrup"", ""dextrose"", ""sugar"", ""soybean and palm oil (with TBHQ for freshness)"", ""bleached wheat flour"", ""wheat starch"", ""salt"", ""dried blueberries"", ""dried grapes"", ""leavening (baking soda, sodium acid pyrophosphate, monocalcium phosphate)"", ""dried apples"", ""citric acid"", ""modified wheat starch"", ""gelatin"", ""yellow corn flour"", ""natural and artificial flavor"", ""xanthan gum"", ""soy lecithin"", ""caramel color"", ""cornstarch"", ""turmeric extract color"", ""red 40"", ""blue 2"", ""blue 1"", ""color added""]","{""servings_per_container"": ""4"", ""serving_size"": ""2 Pastries (96g)"", ""calories"": ""370"", ""total_fat"": ""8g"", ""saturated_fat"": ""2.5g"", ""trans_fat"": ""0g"", ""polyunsaturated_fat"": ""3g"", ""monounsaturated_fat"": ""1.5g"", ""cholesterol"": ""0mg"", ""sodium"": ""310mg"", ""total_carbohydrate"": ""71g"", ""dietary_fiber"": ""1g"", ""total_sugars"": ""30g"", ""added_sugars"": ""30g"", ""protein"": ""4g"", ""vitamin_d"": ""0mcg"", ""calcium"": ""0mg"", ""iron"": ""1.4mg"", ""potassium"": ""40mg"", ""thiamin"": ""4%"", ""riboflavin"": ""10%"", ""niacin"": ""10%"", ""folate"": ""40mcg DFE""}",https://github.com/kritikachugh/keetly_datasets/tree/main/product/038000222559
016000125421,Apple Cinnamon Cheerios,General Mills,"[""Whole Grain Oats"", ""Sugar"", ""Corn Starch"", ""Apple Puree Concentrate"", ""Corn Syrup"", ""Canola and/or Sunflower Oil"", ""Refiner's Syrup"", ""Salt"", ""Cinnamon"", ""Trisodium Phosphate"", ""Vitamin E (mixed tocopherols)"", ""Calcium Carbonate"", ""Vitamin C (sodium ascorbate)"", ""Iron and Zinc (mineral nutrients)"", ""A B Vitamin (niacinamide)"", ""Vitamin B6 (pyridoxine hydrochloride)"", ""Vitamin B1 (thiamin mononitrate)"", ""Vitamin A (palmitate)"", ""Vitamin B2 (riboflavin)"", ""A B Vitamin (folic acid)"", ""Vitamin B12"", ""Vitamin D3""]","{""serving_size"": ""1 cup (37g)"", ""servings_per_container"": ""About 8"", ""calories"": ""140"", ""total_fat"": ""2g"", ""saturated_fat"": ""0g"", ""trans_fat"": ""0g"", ""polyunsaturated_fat"": ""0.5g"", ""monounsaturated_fat"": ""1g"", ""cholesterol"": ""0mg"", ""sodium"": ""150mg"", ""total_carbohydrate"": ""30g"", ""dietary_fiber"": ""3g"", ""soluble_fiber"": ""1g"", ""total_sugars"": ""12g"", ""added_sugars"": ""12g"", ""protein"": ""3g"", ""vitamin_d"": ""4mcg (20% DV)"", ""calcium"": ""130mg (10% DV)"", ""iron"": ""3.6mg (20% DV)"", ""potassium"": ""0mg (0% DV)"", ""vitamin_a"": ""10% DV"", ""vitamin_c"": ""10% DV"", ""thiamin"": ""20% DV"", ""riboflavin"": ""10% DV"", ""niacin"": ""10% DV"", ""vitamin_b6"": ""20% DV"", ""folate"": ""20% DV (45mcg folic acid)"", ""vitamin_b12"": ""20% DV"", ""zinc"": ""20% DV""}",https://github.com/kritikachugh/keetly_datasets/tree/main/product/016000125421
021130465101,Pure Grade A Maple Syrup Amber Color Rich Taste,Signature SELECT,"[""MAPLE SYRUP""]","{""serving_size"": ""2 tbsp (30mL)"", ""servings_per_container"": ""About 12"", ""calories"": ""110"", ""total_fat"": ""0g"", ""saturated_fat"": ""0g"", ""trans_fat"": ""0g"", ""cholesterol"": ""0mg"", ""sodium"": ""0mg"", ""total_carbohydrate"": ""26g"", ""dietary_fiber"": ""0g"", ""total_sugars"": ""26g"", ""added_sugars"": ""26g"", ""protein"": ""0g"", ""vitamin_d"": ""0%"", ""calcium"": ""0%"", ""iron"": ""0%"", ""potassium"": ""0%""}",https://github.com/kritikachugh/keetly_datasets/tree/main/product/021130465101
079893124858,"100% Pure Maple Syrup, Grade A Amber Color Rich Taste",O Organics,"[""ORGANIC MAPLE SYRUP""]","{""serving_size"": ""2 tbsp (30mL)"", ""servings_per_container"": ""About 32"", ""calories"": ""110"", ""total_fat"": ""0g"", ""sodium"": ""0mg"", ""total_carbohydrate"": ""27g"", ""total_sugars"": ""24g"", ""added_sugars"": ""24g"", ""protein"": ""0g"", ""calcium"": ""30mg"", ""potassium"": ""90mg""}",https://github.com/kritikachugh/keetly_datasets/tree/main/product/079893124858
041449001104,Light & Fluffy Buttermilk Complete Pancake Mix,Krusteaz,"[""Enriched bleached flour (wheat flour, malted barley flour, niacin, reduced iron, thiamin mononitrate, riboflavin, folic acid)"", ""sugar"", ""dextrose"", ""leavening (baking soda, sodium aluminum phosphate, monocalcium phosphate)"", ""salt"", ""food starch-modified"", ""soybean oil"", ""buttermilk""]","{""serving_size"": ""1/2 cup mix (59g)"", ""servings_per_container"": ""about 15"", ""calories"": ""210"", ""total_fat"": ""1g"", ""saturated_fat"": ""0g"", ""trans_fat"": ""0g"", ""cholesterol"": ""0mg"", ""sodium"": ""650mg"", ""total_carbohydrate"": ""45g"", ""dietary_fiber"": ""< 1g"", ""total_sugars"": ""10g"", ""added_sugars"": ""9g"", ""protein"": ""4g"", ""vitamin_d"": ""0mcg"", ""calcium"": ""80mg"", ""iron"": ""2mg"", ""potassium"": ""50mg""}",https://github.com/kritikachugh/keetly_datasets/tree/main/product/041449001104
030000579961,Fiber Instant Oatmeal Apples & Cinnamon,Quaker,"[""WHOLE GRAIN OATS"", ""CHICORY ROOT EXTRACT"", ""SUGAR"", ""DRIED APPLES"", ""NATURAL FLAVORS"", ""CINNAMON"", ""SALT""]","{""serving_size"": ""1 packet (45g)"", ""servings_per_container"": ""8"", ""calories"": ""160"", ""total_fat"": ""2g"", ""saturated_fat"": ""0.5g"", ""trans_fat"": ""0g"", ""polyunsaturated_fat"": ""0.5g"", ""monounsaturated_fat"": ""0.5g"", ""cholesterol"": ""0mg"", ""sodium"": ""125mg"", ""total_carbohydrate"": ""35g"", ""dietary_fiber"": ""10g"", ""soluble_fiber"": ""8g"", ""total_sugars"": ""9g"", ""added_sugars"": ""7g"", ""protein"": ""4g"", ""vitamin_d"": ""0mcg"", ""calcium"": ""20mg"", ""iron"": ""1.1mg"", ""potassium"": ""120mg"", ""thiamin"": ""0.12mg"", ""phosphorus"": ""120mg"", ""magnesium"": ""40mg""}",https://github.com/kritikachugh/keetly_datasets/tree/main/product/030000579961
810220830543,Teriyaki Garlic Chicken,GEN,"[""CHICKEN"", ""SAUCE (WATER, SUGAR, SOY SAUCE [WATER, WHEAT, SOYBEANS, SALT, SODIUM BENZOATE (PRESERVATIVE)], GARLIC, KIWI, SALT, ONION, RICE COOKING WINE [WATER, RICE, WHEAT, SALT, CARAMEL], MONOSODIUM GLUTAMATE, GINGER, PURE SESAME OIL, SPICES, POTASSIUM SORBATE)"", ""SAUCE (GARLIC, VEGETABLE OIL, SOY SAUCE [WATER, WHEAT, SOYBEANS, SALT, SODIUM BENZOATE (PRESERVATIVE)], SUGAR, RICE COOKING WINE [WATER, RICE, WHEAT, SALT, CARAMEL], SEA SALT, MONOSODIUM GLUTAMATE, KIWI, ONION, GINGER, 100% EXPELLER PRESSED SESAME OIL, SPICES, POTASSIUM SORBATE)""]","{""servings_per_container"": ""3.5"", ""calories"": ""220"", ""total_fat"": ""14g"", ""saturated_fat"": ""2.5g"", ""trans_fat"": ""0g"", ""cholesterol"": ""70mg"", ""sodium"": ""680mg"", ""total_carbohydrate"": ""8g"", ""dietary_fiber"": ""0g"", ""total_sugars"": ""6g"", ""added_sugars"": ""6g"", ""protein"": ""13g"", ""vitamin_d"": ""0mg"", ""calcium"": ""10mg"", ""iron"": ""0.6mg"", ""potassium"": ""230mg""}",https://github.com/kritikachugh/keetly_datasets/tree/main/product/810220830543
021130110421,Turkey Meatballs Heat & Serve,Signature SELECT,"[""TURKEY"", ""WATER"", ""ONIONS"", ""MECHANICALLY SEPARATED TURKEY"", ""TEXTURED SOY FLOUR"", ""BREAD CRUMBS (WHEAT FLOUR, SALT)"", ""DEHYDRATED ONIONS"", ""GARLIC POWDER"", ""MALTODEXTRIN"", ""NATURAL FLAVORS"", ""SALT"", ""SOY PROTEIN CONCENTRATE"", ""SPICES"", ""SUGAR"", ""SODIUM PHOSPHATE""]","{""serving_size"": ""3 meatballs (85g)"", ""servings_per_container"": ""8"", ""calories"": ""140"", ""total_fat"": ""9g"", ""saturated_fat"": ""2.5g"", ""trans_fat"": ""0g"", ""cholesterol"": ""50mg"", ""sodium"": ""590mg"", ""total_carbohydrate"": ""6g"", ""dietary_fiber"": ""2g"", ""total_sugars"": ""1g"", ""added_sugars"": ""1g"", ""protein"": ""14g"", ""vitamin_d"": ""0.2mcg"", ""calcium"": ""50mg"", ""iron"": ""1.6mg"", ""potassium"": ""240mg""}",https://github.com/kritikachugh/keetly_datasets/tree/main/product/021130110421
021130095353,Garlic Toast Original,Signature SELECT,"[""ENRICHED WHEAT FLOUR (WHEAT FLOUR, NIACIN, REDUCED IRON, THIAMINE MONONITRATE, RIBOFLAVIN, FOLIC ACID)"", ""MALTED BARLEY FLOUR"", ""WATER"", ""SOYBEAN OIL"", ""SALT"", ""SUGAR"", ""CORN MEAL"", ""YEAST"", ""WHEAT GLUTEN"", ""DEXTROSE"", ""ASCORBIC ACID"", ""MICROBIAL ENZYMES"", ""CORN PROTEIN"", ""VEGETABLE OIL BLEND (SOYBEAN, PALM)"", ""CRUSHED GARLIC"", ""ONION POWDER"", ""NATURAL FLAVORS"", ""SWEET CREAM BUTTERMILK"", ""MONO- AND DIGLYCERIDES"", ""SPICE"", ""SUNFLOWER LECITHIN"", ""NATURAL GARLIC FLAVOR"", ""LACTIC ACID"", ""BETA-CAROTENE (COLOR)""]","{""serving_size"": ""1 slice (40g)"", ""servings_per_container"": ""8"", ""calories"": ""150"", ""total_fat"": ""9g"", ""saturated_fat"": ""1.5g"", ""trans_fat"": ""0g"", ""cholesterol"": ""0mg"", ""sodium"": ""220mg"", ""total_carbohydrate"": ""15g"", ""dietary_fiber"": ""<1g"", ""total_sugars"": ""<1g"", ""added_sugars"": ""0g"", ""protein"": ""3g"", ""vitamin_d"": ""0.1mcg"", ""calcium"": ""10mg"", ""iron"": ""1mg"", ""potassium"": ""30mg""}",https://github.com/kritikachugh/keetly_datasets/tree/main/product/021130095353
021130109494,Italian Inspired Ravioli Beef,Signature SELECT,"[""ENRICHED WHEAT FLOUR (SEMOLINA FLOUR [NIACIN, FERROUS SULFATE, THIAMINE MONONITRATE, RIBOFLAVIN, FOLIC ACID])"", ""WATER"", ""COOKED BEEF CRUMBLES (BEEF, WATER, SALT, SPICES)"", ""CHEESE BLEND (RICOTTA CHEESE [MILK, WHEY, SKIM MILK, AND/OR CREAM, VINEGAR, SALT, XANTHAN GUM, LOCUST BEAN GUM, GUAR GUM])"", ""ROMANO CHEESE [COW AND/OR SHEEP'S MILK, CULTURES, SALT, ENZYMES])"", ""WHEAT FLOUR"", ""SPINACH"", ""ONION"", ""MARINARA SAUCE (TOMATOES, SUGAR, SEA SALT, EXTRA VIRGIN OLIVE OIL, SUNFLOWER OIL, ONION POWDER, GARLIC POWDER, SPICES, NATURAL FLAVOR, CITRIC ACID)"", ""EGGS"", ""PARSLEY"", ""SALT"", ""BEEF BASE (OVEN ROASTED BEEF WITH NATURAL JUICES, SALT, MALTODEXTRIN [FROM CORN], SUGAR, YEAST EXTRACT, ONION POWDER, CARAMEL COLOR, VEGETABLE OIL [CORN, SOY, CANOLA], NATURAL FLAVORING)"", ""CARAMEL COLOR"", ""GARLIC POWDER"", ""BLACK PEPPER"", ""TURMERIC (COLOR)""]","{""serving_size"": ""10 pieces (136g)"", ""servings_per_container"": ""About 5"", ""calories"": ""270"", ""total_fat"": ""6g"", ""saturated_fat"": ""2.5g"", ""trans_fat"": ""0g"", ""cholesterol"": ""20mg"", ""sodium"": ""380mg"", ""total_carbohydrate"": ""41g"", ""dietary_fiber"": ""2g"", ""total_sugars"": ""0g"", ""added_sugars"": ""0g"", ""protein"": ""11g"", ""vitamin_d"": ""0mcg"", ""calcium"": ""60mg"", ""iron"": ""1mg"", ""potassium"": ""180mg""}",https://github.com/kritikachugh/keetly_datasets/tree/main/product/021130109494
075278905630,Uncooked Boneless & Skinless Chicken Breast Fillets with Rib Meat,Foster Farms,"[""BONELESS & SKINLESS CHICKEN BREASTS WITH RIB MEAT"", ""WATER"", ""KOSHER SALT""]","{""serving_size"": ""4 oz (112g)"", ""servings_per_container"": ""10"", ""calories"": ""110"", ""total_fat"": ""2.5g"", ""saturated_fat"": ""0.5g"", ""trans_fat"": ""0g"", ""cholesterol"": ""70mg"", ""sodium"": ""260mg"", ""total_carbohydrate"": ""0g"", ""dietary_fiber"": ""0g"", ""total_sugars"": ""0g"", ""added_sugars"": ""0g"", ""protein"": ""22g"", ""vitamin_d"": ""0mcg"", ""calcium"": ""0mg"", ""iron"": ""0.4mg"", ""potassium"": ""330mg""}",https://github.com/kritikachugh/keetly_datasets/tree/main/product/075278905630
073202892011,Beef & Cheese Burrito,José Olé,"[""Enriched wheat flour (wheat flour, niacin, reduced iron, thiamine mononitrate, riboflavin, folic acid)"", ""Water"", ""Soybean oil"", ""Corn flour"", ""Salt"", ""Dough conditioner (whey, l-cysteine hydrochloride)"", ""Guar gum"", ""Sodium stearoyl lactylate"", ""Leavening (sodium bicarbonate, corn starch, sodium aluminum sulfate, calcium sulfate, monocalcium phosphate)"", ""Beef (beef, ground beef)"", ""Green chile peppers (green chiles, citric acid)"", ""Cheddar cheese (pasteurized milk, cheese cultures, salt, enzymes, annatto)"", ""Onions"", ""Monterey jack cheese (pasteurized milk, cheese cultures, salt, enzymes)"", ""Tomato paste"", ""Green bell peppers"", ""Long grain enriched parboiled rice (enriched with niacin, iron, thiamine mononitrate, riboflavin, folic acid)"", ""Textured vegetable protein (soy flour, caramel color)"", ""Flavor (beef stock powder, salt, sugar, natural flavor, thiamin hydrochloride)"", ""Textured wheat flour (wheat flour, niacin, reduced iron, thiamine mononitrate, riboflavin, folic acid)"", ""Caramel color"", ""Zinc oxide"", ""Niacinamide"", ""Ferrous sulfate"", ""Copper gluconate"", ""Vitamin a palmitate"", ""Calcium pantothenate"", ""Thiamine mononitrate"", ""Pyridoxine hydrochloride"", ""Riboflavin"", ""Cyanocobalamin"", ""Spice"", ""Modified food starch""]","{""serving_size"": ""1 Burrito (142g)"", ""servings_per_container"": ""1"", ""calories"": ""350"", ""calories_from_fat"": ""140"", ""total_fat"": ""15g"", ""total_fat_daily_value"": ""23%"", ""saturated_fat"": ""5g"", ""saturated_fat_daily_value"": ""25%"", ""trans_fat"": ""0.5g"", ""cholesterol"": ""25mg"", ""cholesterol_daily_value"": ""8%"", ""sodium"": ""670mg"", ""sodium_daily_value"": ""28%"", ""total_carbohydrate"": ""41g"", ""total_carbohydrate_daily_value"": ""14%"", ""dietary_fiber"": ""2g"", ""dietary_fiber_daily_value"": ""8%"", ""sugars"": ""1g"", ""protein"": ""12g"", ""vitamin_a_daily_value"": ""10%"", ""vitamin_c_daily_value"": ""2%"", ""calcium_daily_value"": ""8%"", ""iron_daily_value"": ""15%""}",https://github.com/kritikachugh/keetly_datasets/tree/main/product/073202892011
042272002658,Light in Sodium Mexican Casserole Bowl,Amy's,"[""FILTERED WATER"", ""ORGANIC CORN"", ""ORGANIC CORN MASA (ORGANIC STONEGROUND CORN FLOUR, TRACE OF LIME)"", ""ORGANIC BLACK BEANS"", ""MONTEREY JACK CHEESE (PASTEURIZED MILK, CULTURE, SALT, ENZYMES [WITHOUT ANIMAL ENZYMES OR RENNET])"", ""OLIVES"", ""ORGANIC TOMATO PUR\u00c9E"", ""ORGANIC EXPELLER PRESSED HIGH OLEIC SAFFLOWER AND/OR SUNFLOWER OIL"", ""ORGANIC YELLOW ONIONS"", ""ORGANIC SWEET RICE FLOUR"", ""SPICES"", ""ORGANIC GARLIC"", ""SEA SALT"", ""ORGANIC CILANTRO""]","{""serving_size"": ""1 bowl (269g)"", ""servings_per_container"": ""1"", ""calories"": ""370"", ""total_fat"": ""16g"", ""saturated_fat"": ""5g"", ""trans_fat"": ""0g"", ""cholesterol"": ""20mg"", ""sodium"": ""370mg"", ""total_carbohydrate"": ""46g"", ""dietary_fiber"": ""6g"", ""total_sugars"": ""4g"", ""added_sugars"": ""0g"", ""protein"": ""13g"", ""vitamin_d"": ""0mcg"", ""calcium"": ""260mg"", ""iron"": ""3.4mg"", ""potassium"": ""400mg""}",https://github.com/kritikachugh/keetly_datasets/tree/main/product/042272002658
072655405097,Café Steamers Barbecue Seasoned Steak with Potatoes,Healthy Choice,"[""RUSSET POTATOES"", ""SEASONED COOKED BEEF STEAK AND BINDER PRODUCT (BEEF, WATER, CONTAINS 2% OR LESS OF: CARAMEL COLOR, DEXTROSE, SEASONING [NATURAL FLAVOR, SALT, MALTODEXTRIN, DRIED WHEY, DRIED CAULIFLOWER, SESAME OIL], MODIFIED CORN STARCH, POTASSIUM CHLORIDE, POTASSIUM PHOSPHATE, SALT, SODIUM PHOSPHATES, SPICE EXTRACTIVES)"", ""WATER"", ""CORN"", ""GREEN AND RED BELL PEPPERS"", ""ONIONS"", ""MOLASSES"", ""TOMATO PASTE"", ""BARBEQUE SEASONING (BROWN SUGAR, SUGAR, MOLASSES, WORCESTERSHIRE SAUCE POWDER [CORN SYRUP, SALT, CARAMEL COLOR, GARLIC, SUGAR, SPICES, SOY SAUCE SOLIDS {FERMENTED WHEAT AND SOYBEAN, SALT, MALTODEXTRIN, CARAMEL COLOR}, PALM OIL, TAMARIND, NATURAL FLAVOR], MALTODEXTRIN, SODIUM DIACETATE, SPICES INCLUDING PAPRIKA AND TURMERIC, NATURAL SMOKE FLAVOR [CONTAINS MALTODEXTRIN], CITRIC ACID, LACTOSE, DEHYDRATED ONION AND GARLIC)"", ""CONTAINS 2% OR LESS OF: SUGAR"", ""SALTED WHISKEY (WHISKEY, SALT)"", ""MODIFIED CORN STARCH"", ""RED WINE VINEGAR"", ""SALT"", ""NATURAL MESQUITE SMOKE FLAVOR"", ""POTASSIUM CHLORIDE"", ""GARLIC POWDER""]","{""serving_size"": ""1 meal (269g)"", ""servings_per_container"": ""1"", ""calories"": ""300"", ""total_fat"": ""4g"", ""saturated_fat"": ""1.5g"", ""trans_fat"": ""0g"", ""polyunsaturated_fat"": ""1g"", ""monounsaturated_fat"": ""1.5g"", ""cholesterol"": ""35mg"", ""sodium"": ""450mg"", ""total_carbohydrate"": ""49g"", ""dietary_fiber"": ""4g"", ""total_sugars"": ""16g"", ""added_sugars"": ""16g"", ""protein"": ""16g"", ""vitamin_d"": ""0mcg"", ""calcium"": ""90mg"", ""iron"": ""3.7mg"", ""potassium"": ""1220mg"", ""vitamin_a"": ""0%"", ""vitamin_c"": ""15%""}",https://github.com/kritikachugh/keetly_datasets/tree/main/product/072655405097
013800103215,Classic Lasagna with Meat & Sauce,Stouffer's,"[""TOMATO PUREE (WATER, TOMATO PASTE)"", ""COOKED PASTA (WATER, SEMOLINA WHEAT FLOUR)"", ""WATER"", ""COOKED BEEF"", ""LOW-MOISTURE PART-SKIM MOZZARELLA CHEESE (CULTURED PART-SKIM MILK, SALT, ENZYMES)"", ""PART-SKIM MOZZARELLA CHEESE AND MODIFIED FOOD STARCH (PART-SKIM MOZZARELLA CHEESE [CULTURED MILK, SALT, ENZYMES], MODIFIED FOOD STARCH, SKIM MILK)"", ""2% OR LESS OF MODIFIED FOOD STARCH"", ""SOY SAUCE (WATER, SOYBEANS, WHEAT, SALT)"", ""WHEAT FLOUR"", ""DRIED ONIONS"", ""SALT"", ""SUGAR"", ""PARMESAN CHEESE (CULTURED MILK, SALT, ENZYMES)"", ""SPICES"", ""GARLIC POWDER""]","{""serving_size"": ""1 Package (297g)"", ""servings_per_container"": ""1"", ""calories"": ""360"", ""total_fat"": ""12g"", ""saturated_fat"": ""6g"", ""trans_fat"": ""0.5g"", ""cholesterol"": ""40mg"", ""sodium"": ""1050mg"", ""total_carbohydrate"": ""41g"", ""dietary_fiber"": ""3g"", ""total_sol_sugars"": ""7g"", ""added_sugars"": ""1g"", ""protein"": ""21g"", ""vitamin_d"": ""0mcg"", ""calcium"": ""260mg"", ""iron"": ""1.9mg"", ""potassium"": ""640mg""}",https://github.com/kritikachugh/keetly_datasets/tree/main/product/013800103215
760295004212,Pretzel Braids Maui Monk,Stellar Snacks,"[""Enriched Wheat Flour (Wheat Flour, Niacin, Reduced Iron, Thiamine Mononitrate, Riboflavin, Folic Acid)"", ""Malted Barley Flour"", ""Canola Oil"", ""Vegan Butter (Corn Maltodextrin, Gum Acacia)"", ""Malt Tapioca Blend (Tapioca Syrup, Malt Extract)"", ""Sea Salt"", ""Onion and Garlic Powder"", ""Natural Flavor"", ""Raw Cane Sugar"", ""Citric Acid"", ""Monk Fruit Extract""]","{""serving_size"": ""1 oz (28g)"", ""servings_per_container"": ""About 12"", ""calories"": ""120"", ""total_fat"": ""4g"", ""saturated_fat"": ""0g"", ""trans_fat"": ""0g"", ""cholesterol"": ""0mg"", ""sodium"": ""420mg"", ""total_carbohydrate"": ""18g"", ""dietary_fiber"": ""<1g"", ""total_sugars"": ""1g"", ""added_sugars"": ""1g"", ""protein"": ""3g"", ""vitamin_d"": ""0mcg"", ""calcium"": ""0mg"", ""iron"": ""1mg"", ""potassium"": ""0mg""}",https://github.com/kritikachugh/keetly_datasets/tree/main/product/760295004212
072554001543,The Original Champion Vanilla,Drumstick,"[""SKIM MILK"", ""SUGAR"", ""PEANUTS"", ""COCONUT OIL"", ""CORN SYRUP"", ""BLEACHED WHEAT FLOUR"", ""WHEY"", ""PALM OLEIN"", ""COCOA"", ""PALM OIL AND/OR SOYBEAN OIL"", ""SOY LECITHIN"", ""CREAM"", ""GUAR GUM"", ""MONOGLYCERIDES"", ""SALT"", ""CAROB BEAN GUM"", ""NATURAL FLAVOR"", ""MILK"", ""ANNATTO COLOR""]","{""serving_size"": ""1 Drumstick (90g)"", ""servings_per_container"": ""8"", ""calories"": ""280"", ""total_fat"": ""15g"", ""saturated_fat"": ""9g"", ""trans_fat"": ""0g"", ""cholesterol"": ""0mg"", ""sodium"": ""90mg"", ""total_carbohydrate"": ""34g"", ""dietary_fiber"": ""1g"", ""total_sugars"": ""21g"", ""added_sugars"": ""17g"", ""protein"": ""4g"", ""vitamin_d"": ""0mcg"", ""calcium"": ""60mg"", ""iron"": ""1mg"", ""potassium"": ""200mg""}",https://github.com/kritikachugh/keetly_datasets/tree/main/product/072554001543
072554276569,Oreo Frozen Dairy Dessert Bars,OREO,"[""SKIM MILK"", ""OREO COOKIE PIECES (ENRICHED WHEAT FLOUR [WHEAT FLOUR, NIACIN, REDUCED IRON, THIAMINE MONONITRATE, RIBOFLAVIN, FOLIC ACID], SUGAR, PALM OIL, SOYBEAN AND/OR CANOLA OIL, COCOA PROCESSED WITH ALKALI, BLEACHED WHEAT FLOUR, INVERT SUGAR, BAKING SODA, CALCIUM PHOSPHATE, SOY LECITHIN, SALT, CHOCOLATE, NATURAL AND ARTIFICIAL FLAVOR, CORN SYRUP, CORN FLOUR)"", ""SUGAR"", ""COCONUT OIL"", ""CORN SYRUP"", ""SOYBEAN OIL"", ""WHEY"", ""CREAM"", ""SOY LECITHIN"", ""POLYGLYCEROL POLYRICINOLEATE ACID"", ""GUAR GUM"", ""MONOGLYCERIDES"", ""CAROB BEAN GUM"", ""NATURAL FLAVOR""]","{""serving_size"": ""1 Bar (56g)"", ""servings_per_container"": ""5"", ""calories_per_serving"": ""180"", ""calories_per_container"": ""890"", ""total_fat_per_serving"": ""9g"", ""saturated_fat_per_serving"": ""6g"", ""trans_fat_per_serving"": ""0g"", ""cholesterol_per_serving"": ""0mg"", ""sodium_per_serving"": ""75mg"", ""total_carbohydrate_per_serving"": ""22g"", ""dietary_fiber_per_serving"": ""0g"", ""total_sugars_per_serving"": ""16g"", ""added_sugars_per_serving"": ""13g"", ""protein_per_serving"": ""2g"", ""vitamin_d_per_serving"": ""0mcg"", ""calcium_per_serving"": ""50mg"", ""iron_per_serving"": ""0.8mg"", ""potassium_per_serving"": ""100mg""}",https://github.com/kritikachugh/keetly_datasets/tree/main/product/072554276569
038000492761,Thick & Fluffy Original Waffles,Eggo,"[""Enriched flour (wheat flour, niacin, reduced iron, vitamin B1 [thiamin mononitrate], vitamin B2 [riboflavin], folic acid)"", ""water"", ""vegetable oil (soybean, palm, canola and/or cottonseed)"", ""sugar"", ""leavening (baking soda, sodium aluminum phosphate, monocalcium phosphate)"", ""salt"", ""fructose"", ""eggs"", ""whey"", ""vanilla beans"", ""vanilla extract"", ""soy lecithin"", ""Calcium carbonate"", ""iron"", ""vitamin A palmitate"", ""vitamin B6 (pyridoxine hydrochloride)"", ""vitamin B12""]","{""servings_per_container"": ""6"", ""serving_size"": ""1 Waffle (55g)"", ""calories"": ""160"", ""total_fat"": ""7g"", ""saturated_fat"": ""2g"", ""trans_fat"": ""0g"", ""cholesterol"": ""0mg"", ""sodium"": ""260mg"", ""total_carbohydrate"": ""23g"", ""dietary_fiber"": ""<1g"", ""total_sugars"": ""6g"", ""added_sugars"": ""6g"", ""protein"": ""3g"", ""vitamin_d"": ""0mcg"", ""calcium"": ""260mg"", ""iron"": ""3.6mg"", ""potassium"": ""30mg"", ""vitamin_a"": ""20%"", ""niacin"": ""10%"", ""vitamin_b6"": ""10%"", ""folate"": ""55mcg DFE (30mcg Folic Acid)"", ""vitamin_b12"": ""10%"", ""phosphorus"": ""10%""}",https://github.com/kritikachugh/keetly_datasets/tree/main/product/038000492761
040000579816,Peanut Butter Chocolate Candies,M&M's,"[""MILK CHOCOLATE (SUGAR, COCOA BUTTER, CHOCOLATE, MILK, LACTOSE, PEANUTS, MILKFAT, SOY LECITHIN, SALT, NATURAL FLAVOR)"", ""SUGAR"", ""PEANUT BUTTER (PARTIALLY DEFATTED PEANUTS, PALM OIL)"", ""HYDROGENATED PALM KERNEL OIL AND/OR VEGETABLE OIL (PALM AND SUNFLOWER OILS)"", ""CORNSTARCH"", ""DEXTROSE"", ""CORN SYRUP"", ""NATURAL FLAVOR"", ""SALT"", ""DEXTRIN"", ""BLUE 1 LAKE"", ""RED 40"", ""YELLOW 6"", ""YELLOW 5"", ""BLUE 1"", ""RED 40 LAKE"", ""YELLOW 6 LAKE"", ""YELLOW 5 LAKE"", ""BLUE 2 LAKE"", ""BLUE 2"", ""CARNAUBA WAX"", ""PROPYL GALLATE TO MAINTAIN FRESHNESS"", ""GUM ACACIA""]","{""serving_size"": ""1 oz (28g/about 16 pieces)"", ""servings_per_container"": ""9"", ""calories"": ""150"", ""total_fat"": ""8g"", ""saturated_fat"": ""5g"", ""trans_fat"": ""0g"", ""cholesterol"": ""0mg"", ""sodium"": ""60mg"", ""total_carbohydrate"": ""16g"", ""dietary_fiber"": ""1g"", ""total_sugars"": ""14g"", ""added_sugars"": ""13g"", ""protein"": ""3g"", ""vitamin_d"": ""0mcg"", ""calcium"": ""0mg"", ""iron"": ""0mg"", ""potassium"": ""100mg""}",https://github.com/kritikachugh/keetly_datasets/tree/main/product/040000579816
034000463848,Reese's Miniature Cups Milk Chocolate & Peanut Butter,Reese's,"[""Milk Chocolate (Sugar, Cocoa Butter, Chocolate, Skim Milk, Milk Fat, Lactose, Lecithin (Soy), PGPR)"", ""Peanuts"", ""Sugar"", ""Dextrose"", ""Salt"", ""TBHQ & Citric Acid (To Maintain Freshness)""]","{""serving_size"": ""3 pieces (26g)"", ""servings_per_container"": ""about 10"", ""calories"": ""130"", ""total_fat"": ""7g"", ""saturated_fat"": ""3g"", ""trans_fat"": ""0g"", ""cholesterol"": ""<5mg"", ""sodium"": ""70mg"", ""total_carbohydrate"": ""16g"", ""dietary_fiber"": ""<1g"", ""total_sugars"": ""14g"", ""added_sugars"": ""13g"", ""protein"": ""2g"", ""vitamin_d"": ""0mcg"", ""calcium"": ""20mg"", ""iron"": ""0.7mg"", ""potassium"": ""85mg""}",https://github.com/kritikachugh/keetly_datasets/tree/main/product/034000463848
709586514856,Strawberry Lemon Prebiotic Soda,poppi,"[""Sparkling Water"", ""Cassava Root Fiber"", ""Organic Cane Sugar"", ""Organic Apple Cider Vinegar"", ""Natural Flavors"", ""Lemon Juice*"", ""Strawberry Juice*"", ""Organic Agave Inulin"", ""Stevia Leaf Extract"", ""*Concentrate""]","{""serving_size"": ""1 Can (12 fl oz)"", ""calories"": ""30"", ""total_fat"": ""0g"", ""sodium"": ""0mg"", ""total_carbohydrate"": ""9g"", ""dietary_fiber"": ""3g"", ""total_sugars"": ""5g"", ""added_sugars"": ""4g"", ""protein"": ""0g""}",https://github.com/kritikachugh/keetly_datasets/tree/main/product/709586514856
016571952679,Grape Raspberry Flavored Sparkling Water,Sparkling Ice,"[""CARBONATED WATER"", ""RASPBERRY JUICE CONCENTRATE"", ""APPLE JUICE CONCENTRATE"", ""FRUIT AND VEGETABLE JUICE (FOR COLOR)"", ""NATURAL FLAVORS"", ""GREEN TEA EXTRACT"", ""D-ALPHA-TOCOPHERYL ACETATE (VITAMIN E)"", ""NIACINAMIDE (VITAMIN B3)"", ""CALCIUM PANTOTHENATE (VITAMIN B5)"", ""PYRIDOXINE HYDROCHLORIDE (VITAMIN B6)"", ""BIOTIN"", ""CYANOCOBALAMIN (VITAMIN B12)"", ""SUCRALOSE"", ""CITRIC ACID"", ""TARTARIC ACID"", ""GUM ARABIC"", ""ESTER GUM"", ""POTASSIUM BENZOATE (TO ENSURE FRESHNESS)""]","{""serving_size"": ""1 Bottle"", ""calories"": ""5"", ""total_fat"": ""0g"", ""sodium"": ""0mg"", ""total_carbohydrate"": ""0g"", ""protein"": ""0g"", ""vitamin_e"": ""15%"", ""niacin"": ""15%"", ""biotin"": ""15%"", ""vitamin_b6"": ""15%"", ""vitamin_b12"": ""15%"", ""pantothenic_acid"": ""15%""}",https://github.com/kritikachugh/keetly_datasets/tree/main/product/016571952679
070847012474,Monster Energy Zero Ultra,Monster Energy,"[""CARBONATED WATER"", ""CITRIC ACID"", ""ERYTHRITOL"", ""TAURINE"", ""SODIUM CITRATE"", ""NATURAL & ARTIFICIAL FLAVORS"", ""PANAX GINSENG FLAVOR"", ""L-CARNITINE L-TARTRATE"", ""CAFFEINE"", ""SUCRALOSE"", ""SORBIC ACID (PRESERVATIVE)"", ""BENZOIC ACID (PRESERVATIVE)"", ""NIACINAMIDE (VIT. B3)"", ""D-CALCIUM PANTOTHENATE (VIT. B5)"", ""ESTER GUM"", ""ACESULFAME POTASSIUM"", ""INOSITOL"", ""PYRIDOXINE HYDROCHLORIDE (VIT. B6)"", ""CYANOCOBALAMIN (VIT. B12)""]","{""serving_size"": ""1 can"", ""calories"": ""10"", ""total_fat"": ""0g"", ""sodium"": ""380mg"", ""total_carbohydrate"": ""6g"", ""total_sugars"": ""0g"", ""includes_added_sugars"": ""0g"", ""erythritol"": ""2g"", ""protein"": ""0g"", ""niacin"": ""250%"", ""vitamin_b6"": ""240%"", ""vitamin_b12"": ""490%"", ""pantothenic_acid"": ""400%""}",https://github.com/kritikachugh/keetly_datasets/tree/main/product/070847012474
898999010007,Coconut Water The Original,Vita Coco,"[""COCONUT WATER"", ""LESS THAN 1% SUGAR"", ""ASCORBIC ACID (VITAMIN C)""]","{""serving_size"": ""8 FL OZ (240 mL)"", ""servings_per_container"": ""About 2"", ""calories_per_serving"": ""45"", ""calories_per_container"": ""90"", ""total_fat_per_serving"": ""0g"", ""saturated_fat_per_serving"": ""0g"", ""trans_fat_per_serving"": ""0g"", ""cholesterol_per_serving"": ""0mg"", ""sodium_per_serving"": ""70mg"", ""total_carbohydrate_per_serving"": ""11g"", ""dietary_fiber_per_serving"": ""0g"", ""total_sugars_per_serving"": ""11g"", ""added_sugars_per_serving"": ""1g"", ""protein_per_serving"": ""0g"", ""vitamin_d_per_serving"": ""0mcg"", ""calcium_per_serving"": ""29mg"", ""iron_per_serving"": ""0mg"", ""potassium_per_serving"": ""470mg"", ""vitamin_c_per_serving"": ""43mg"", ""phosphorus_per_serving"": ""24mg"", ""magnesium_per_serving"": ""19mg""}",https://github.com/kritikachugh/keetly_datasets/tree/main/product/898999010007
049000061017,Coca-Cola Original Taste,Coca-Cola,"[""CARBONATED WATER"", ""HIGH FRUCTOSE CORN SYRUP"", ""CARAMEL COLOR"", ""PHOSPHORIC ACID"", ""NATURAL FLAVORS"", ""CAFFEINE""]","{""serving_size"": ""1 Can"", ""calories"": ""90"", ""total_fat"": ""0g"", ""sodium"": ""30mg"", ""total_carbohydrate"": ""25g"", ""total_sugars"": ""25g"", ""added_sugars"": ""25g"", ""protein"": ""0g""}",https://github.com/kritikachugh/keetly_datasets/tree/main/product/049000061017
084114901903,Air Fried Jalapeño,Kettle Brand,"[""POTATOES"", ""VEGETABLE OIL (CANOLA, SAFFLOWER AND/OR SUNFLOWER)"", ""SALT"", ""SUGAR"", ""ONION POWDER"", ""SPICES"", ""TORULA YEAST"", ""YEAST EXTRACT"", ""GARLIC POWDER"", ""JALAPE\u00d1O PEPPER POWDER"", ""NATURAL FLAVORS"", ""PARSLEY""]","{""serving_size"": ""1 oz / About 13 Chips (28g)"", ""servings_per_container"": ""About 7"", ""calories"": ""130"", ""total_fat"": ""6g"", ""saturated_fat"": ""0g"", ""trans_fat"": ""0g"", ""polyunsaturated_fat"": ""1g"", ""monounsaturated_fat"": ""4g"", ""cholesterol"": ""0mg"", ""sodium"": ""220mg"", ""total_carbohydrate"": ""18g"", ""dietary_fiber"": ""1g"", ""total_sugars"": ""1g"", ""includes_added_sugars"": ""1g"", ""protein"": ""2g"", ""vitamin_d"": ""0mcg"", ""calcium"": ""10mg"", ""iron"": ""0.5mg"", ""potassium"": ""330mg""}",https://github.com/kritikachugh/keetly_datasets/tree/main/product/084114901903
028400183833,Baked Barbecue Flavored Potato Chips,Lay's,"[""DRIED POTATOES"", ""OLIVE OIL"", ""CORN STARCH"", ""SUGAR"", ""SALT"", ""SOY LECITHIN"", ""ONION POWDER"", ""BROWN SUGAR"", ""MOLASSES"", ""DEXTROSE"", ""SPICES"", ""FRUCTOSE"", ""GARLIC POWDER"", ""TOMATO POWDER"", ""YEAST"", ""NATURAL FLAVORS (CONTAINS MILK)"", ""PAPRIKA EXTRACT (COLOR)"", ""ANNATTO EXTRACT (COLOR)""]","{""serving_size"": ""About 16 crisps (28g)"", ""servings_per_container"": ""About 6"", ""calories"": ""130"", ""total_fat"": ""5g"", ""saturated_fat"": ""0.5g"", ""trans_fat"": ""0g"", ""polyunsaturated_fat"": ""0.5g"", ""monounsaturated_fat"": ""3.5g"", ""cholesterol"": ""0mg"", ""sodium"": ""140mg"", ""total_carbohydrate"": ""20g"", ""dietary_fiber"": ""1g"", ""total_sugars"": ""2g"", ""added_sugars"": ""2g"", ""protein"": ""2g"", ""vitamin_d"": ""0mcg"", ""calcium"": ""10mg"", ""iron"": ""0.3mg"", ""potassium"": ""240mg""}",https://github.com/kritikachugh/keetly_datasets/tree/main/product/028400183833
044000058395,Gluten Free Three Cheese Rice & Cheese Snacks,Good Thins,"[""WHOLE GRAIN BROWN RICE FLOUR"", ""TAPIOCA STARCH"", ""SUGAR"", ""PARMESAN CHEESE POWDER (PASTEURIZED MILK, SALT, CHEESE CULTURE, ENZYMES)"", ""HIGH OLEIC SAFFLOWER OIL"", ""SALT"", ""WHEY"", ""WHITE RICE FLOUR"", ""CREAM"", ""BUTTERMILK"", ""CHEDDAR CHEESE POWDER (PASTEURIZED MILK, SALT, CHEESE CULTURE, ENZYMES)"", ""NONFAT MILK"", ""ONION POWDER"", ""NATURAL FLAVOR"", ""GOUDA CHEESE POWDER (PASTEURIZED MILK, SALT, CHEESE CULTURE, ENZYMES)""]","{""serving_size"": ""17 pieces (30g)"", ""servings_per_container"": ""about 3.5"", ""calories"": ""130"", ""total_fat"": ""3g"", ""saturated_fat"": ""1g"", ""trans_fat"": ""0g"", ""cholesterol"": ""less than 5mg"", ""sodium"": ""180mg"", ""total_carbohydrate"": ""23g"", ""dietary_fiber"": ""less than 1g"", ""total_sugars"": ""3g"", ""added_sugars"": ""2g"", ""protein"": ""3g"", ""vitamin_d"": ""0.2mcg"", ""calcium"": ""40mg"", ""iron"": ""0.4mg"", ""potassium"": ""60mg""}",https://github.com/kritikachugh/keetly_datasets/tree/main/product/044000058395
079893162492,White Corn Tortilla Chips with Sea Salt,O Organics,"[""ORGANIC WHITE CORN FLOUR"", ""ORGANIC VEGETABLE OIL (SUNFLOWER, SAFFLOWER, CANOLA AND/OR SOYBEAN)"", ""SEA SALT""]","{""servings_per_container"": ""About 8"", ""serving_size"": ""1 oz (28g/14 chips)"", ""calories"": ""140"", ""total_fat"": ""7g"", ""saturated_fat"": ""0.5g"", ""trans_fat"": ""0g"", ""cholesterol"": ""0mg"", ""sodium"": ""65mg"", ""total_carbohydrate"": ""16g"", ""dietary_fiber"": ""1g"", ""total_sugars"": ""0g"", ""added_sugars"": ""0g"", ""protein"": ""2g"", ""vitamin_d"": ""0mcg"", ""calcium"": ""20mg"", ""iron"": ""0.4mg"", ""potassium"": ""60mg""}",https://github.com/kritikachugh/keetly_datasets/tree/main/product/079893162492
028400070980,Salsa Con Queso Medium,Tostitos,"[""WATER"", ""SKIM MILK"", ""MONTEREY JACK CHEESE (MILK, CHEESE CULTURES, SALT, ENZYMES)"", ""VEGETABLE OIL (CORN, SUNFLOWER, AND/OR CANOLA OIL)"", ""MODIFIED FOOD STARCH"", ""DICED TOMATOES IN TOMATO JUICE"", ""JALAPE\u00d1O PEPPERS"", ""CHILE PEPPERS"", ""RED BELL PEPPERS"", ""MALTODEXTRIN (MADE FROM CORN)"", ""SALT"", ""NATURAL FLAVORS"", ""SODIUM HEXAMETAPHOSPHATE"", ""MONOSODIUM GLUTAMATE"", ""DATEM"", ""SODIUM PHOSPHATE"", ""SPICE"", ""ARTIFICIAL COLOR (YELLOW 5, YELLOW 6)""]","{""serving_size"": ""2 Tbsp (34g)"", ""servings_per_container"": ""About 13"", ""calories"": ""40"", ""total_fat"": ""2.5g"", ""saturated_fat"": ""1g"", ""trans_fat"": ""0g"", ""cholesterol"": ""less than 5mg"", ""sodium"": ""280mg"", ""total_carbohydrate"": ""5g"", ""dietary_fiber"": ""less than 1g"", ""total_sugars"": ""less than 1g"", ""added_sugars"": ""0g"", ""protein"": ""less than 1g"", ""vitamin_d"": ""0% DV"", ""calcium"": ""2% DV"", ""iron"": ""0% DV"", ""potassium"": ""0% DV""}",https://github.com/kritikachugh/keetly_datasets/tree/main/product/028400070980
076410906102,Toast Chee Peanut Butter Sandwich Crackers,Lance,"[""Enriched Flour (Wheat Flour, Niacin, Reduced Iron, Thiamine Mononitrate, Riboflavin, Folic Acid)"", ""Peanut Butter (Roasted Peanuts)"", ""Vegetable Oils (Soybean, Palm and/or Canola)"", ""Dextrose"", ""Sugar"", ""Salt"", ""Corn Syrup"", ""Leavening (Monocalcium Phosphate, Sodium Bicarbonate, Ammonium Bicarbonate)"", ""Cheddar Cheese (Milk, Cultures, Salt, Enzymes)"", ""Yellow 6"", ""Soy Lecithin"", ""Whey (Milk)""]","{""serving_size"": ""1 Pack (43g)"", ""servings_per_container"": ""10"", ""calories"": ""220"", ""total_fat"": ""11g"", ""saturated_fat"": ""2.5g"", ""trans_fat"": ""0g"", ""polyunsaturated_fat"": ""4g"", ""monounsaturated_fat"": ""4.5g"", ""cholesterol"": ""0mg"", ""sodium"": ""330mg"", ""total_carbohydrate"": ""25g"", ""dietary_fiber"": ""< 1g"", ""total_sugars"": ""5g"", ""added_sugars"": ""3g"", ""protein"": ""5g"", ""vitamin_d"": ""0mcg"", ""calcium"": ""50mg"", ""iron"": ""1.4mg"", ""potassium"": ""80mg""}",https://github.com/kritikachugh/keetly_datasets/tree/main/product/076410906102
028400798372,Doritos Protein Nacho Cheese Flavored Tortilla Chips,Doritos,"[""MILK PROTEIN (CASEIN)"", ""VEGETABLE OIL (CORN, CANOLA, SOYBEAN, AND/OR SUNFLOWER OIL)"", ""CORN"", ""RICE FLOUR"", ""CORN STARCH"", ""CHEDDAR CHEESE (MILK, CHEESE CULTURES, SALT, ENZYMES)"", ""SALT"", ""OAT FIBER"", ""NATURAL FLAVORS"", ""WHEY"", ""POTASSIUM SALT"", ""BUTTERMILK"", ""ROMANO CHEESE (MILK, CHEESE CULTURES, SALT, ENZYMES)"", ""WHEY PROTEIN CONCENTRATE"", ""ONION POWDER"", ""TOMATO POWDER"", ""CORN SYRUP SOLIDS"", ""SPICES"", ""CITRIC ACID"", ""GARLIC POWDER"", ""LACTIC ACID"", ""YEAST EXTRACT"", ""RED AND GREEN BELL PEPPERS"", ""SUGAR"", ""PAPRIKA EXTRACT (COLOR)"", ""VEGETABLE JUICE (COLOR)"", ""AND ANNATTO EXTRACT (COLOR)""]","{""serving_size"": ""About 10 chips (28g)"", ""servings_per_container"": ""7"", ""calories"": ""150"", ""total_fat"": ""8g"", ""saturated_fat"": ""1.5g"", ""trans_fat"": ""0g"", ""cholesterol"": ""less than 5mg"", ""sodium"": ""150mg"", ""total_carbohydrate"": ""8g"", ""dietary_fiber"": ""1g"", ""total_sugars"": ""0g"", ""protein"": ""10g"", ""vitamin_d"": ""0mcg"", ""calcium"": ""380mg"", ""iron"": ""0.2mg"", ""potassium"": ""120mg""}",https://github.com/kritikachugh/keetly_datasets/tree/main/product/028400798372
021130306985,Fig Bars Original,Signature SELECT,"[""ENRICHED BLEACHED WHEAT FLOUR (WHEAT FLOUR, NIACIN, REDUCED IRON, THIAMIN MONONITRATE, RIBOFLAVIN, FOLIC ACID)"", ""HIGH FRUCTOSE CORN SYRUP"", ""FIGS"", ""CORN SYRUP"", ""SUGAR"", ""DEXTROSE"", ""PALM OIL"", ""YELLOW CORN FLOUR"", ""WHOLE WHEAT FLOUR"", ""SALT"", ""BAKING SODA"", ""PRESERVATIVES (POTASSIUM SORBATE, SODIUM BENZOATE [MOLD INHIBITOR])"", ""CARAMEL COLOR"", ""SOY LECITHIN"", ""CITRIC ACID"", ""NATURAL FLAVOR"", ""ORANGE OIL"", ""ANNATTO (COLOR)""]","{""serving_size"": ""2 cookies (28g)"", ""servings_per_container"": ""About 14"", ""calories"": ""100"", ""total_fat"": ""2g"", ""saturated_fat"": ""1g"", ""trans_fat"": ""0g"", ""cholesterol"": ""0mg"", ""sodium"": ""110mg"", ""total_carbohydrate"": ""20g"", ""dietary_fiber"": ""1g"", ""total_sugars"": ""11g"", ""added_sugars"": ""9g"", ""protein"": ""1g"", ""vitamin_d"": ""0mcg"", ""calcium"": ""10mg"", ""iron"": ""0.5mg"", ""potassium"": ""50mg""}",https://github.com/kritikachugh/keetly_datasets/tree/main/product/021130306985
044000060114,Chocolate Sandwich Cookies,OREO,"[""UNBLEACHED ENRICHED FLOUR (WHEAT FLOUR, NIACIN, REDUCED IRON, THIAMINE MONONITRATE [VITAMIN B1], RIBOFLAVIN [VITAMIN B2], FOLIC ACID)"", ""SUGAR"", ""PALM OIL"", ""SOYBEAN AND/OR CANOLA OIL"", ""COCOA (PROCESSED WITH ALKALI)"", ""HIGH FRUCTOSE CORN SYRUP"", ""LEAVENING (BAKING SODA AND/OR CALCIUM PHOSPHATE)"", ""SALT"", ""SOY LECITHIN"", ""CHOCOLATE"", ""ARTIFICIAL FLAVOR""]","{""serving_size"": ""3 cookies (34g)"", ""servings_per_container"": ""about 11"", ""calories"": ""160"", ""total_fat"": ""7g"", ""saturated_fat"": ""2g"", ""trans_fat"": ""0g"", ""cholesterol"": ""0mg"", ""sodium"": ""130mg"", ""total_carbohydrate"": ""25g"", ""dietary_fiber"": ""less than 1g"", ""total_sugars"": ""14g"", ""added_sugars"": ""13g"", ""protein"": ""1g"", ""vitamin_d"": ""0mcg"", ""calcium"": ""10mg"", ""iron"": ""1.4mg"", ""potassium"": ""50mg""}",https://github.com/kritikachugh/keetly_datasets/tree/main/product/044000060114
021130377084,Naturally & Artificially Flavored Cheese Balls,Signature SELECT,"[""CORN MEAL"", ""VEGETABLE OIL (CONTAINS ONE OR MORE OF THE FOLLOWING: CANOLA, CORN, COTTONSEED, SAFFLOWER, SOYBEAN, SUNFLOWER)"", ""CHEESE SEASONING (WHEY, CORN STARCH, CHEDDAR CHEESE [PASTEURIZED MILK, SALT, ANNATTO EXTRACT, CHEESE CULTURE, ENZYMES], MALTODEXTRIN, SALT, BUTTER [CREAM, WATER, SALT], NATURAL AND ARTIFICIAL FLAVOR, BUTTERMILK, MONOSODIUM GLUTAMATE, YELLOW #5, YELLOW #6, YELLOW LAKE #5)""]","{""serving_size"": ""1 oz (28g/about 48 balls)"", ""servings_per_container"": ""13"", ""calories"": ""140"", ""total_fat"": ""7g"", ""saturated_fat"": ""2g"", ""trans_fat"": ""0g"", ""cholesterol"": ""0mg"", ""sodium"": ""320mg"", ""total_carbohydrate"": ""17g"", ""dietary_fiber"": ""0g"", ""total_sugars"": ""3g"", ""includes_added_sugars"": ""0g"", ""protein"": ""2g"", ""vitamin_d"": ""0mcg"", ""calcium"": ""30mg"", ""iron"": ""0.2mg"", ""potassium"": ""90mg""}",https://github.com/kritikachugh/keetly_datasets/tree/main/product/021130377084
02289106,Extra Peppermint Sugarfree Gum,Wrigley's Extra,"[""Sorbitol"", ""Gum Base"", ""Glycerol"", ""Natural and Artificial Flavors"", ""Hydrogenated Starch Hydrolysate"", ""Aspartame"", ""Mannitol"", ""Acesulfame K"", ""Soy Lecithin"", ""BHT (To Maintain Freshness)"", ""Blue 1 Lake""]","{""serving_size"": ""1 stick (2.5g)"", ""servings_per_container"": ""15"", ""calories"": ""5"", ""total_fat"": ""0g"", ""sodium"": ""0mg"", ""total_carbohydrate"": ""2g"", ""total_sugars"": ""0g"", ""includes_added_sugars"": ""0g"", ""sugar_alcohols"": ""2g"", ""protein"": ""0g""}",https://github.com/kritikachugh/keetly_datasets/tree/main/product/02289106